-- MySQL dump 10.13  Distrib 5.5.24, for debian-linux-gnu (x86_64)
--
-- Host: localhost    Database: red
-- ------------------------------------------------------
-- Server version	5.5.24-8

/*!40101 SET @OLD_CHARACTER_SET_CLIENT=@@CHARACTER_SET_CLIENT */;
/*!40101 SET @OLD_CHARACTER_SET_RESULTS=@@CHARACTER_SET_RESULTS */;
/*!40101 SET @OLD_COLLATION_CONNECTION=@@COLLATION_CONNECTION */;
/*!40101 SET NAMES utf8 */;
/*!40103 SET @OLD_TIME_ZONE=@@TIME_ZONE */;
/*!40103 SET TIME_ZONE='+00:00' */;
/*!40014 SET @OLD_UNIQUE_CHECKS=@@UNIQUE_CHECKS, UNIQUE_CHECKS=0 */;
/*!40014 SET @OLD_FOREIGN_KEY_CHECKS=@@FOREIGN_KEY_CHECKS, FOREIGN_KEY_CHECKS=0 */;
/*!40101 SET @OLD_SQL_MODE=@@SQL_MODE, SQL_MODE='NO_AUTO_VALUE_ON_ZERO' */;
/*!40111 SET @OLD_SQL_NOTES=@@SQL_NOTES, SQL_NOTES=0 */;

--
-- Table structure for table `alerts`
--

DROP TABLE IF EXISTS `alerts`;
/*!40101 SET @saved_cs_client     = @@character_set_client */;
/*!40101 SET character_set_client = utf8 */;
CREATE TABLE `alerts` (
  `alert_id` int(11) NOT NULL AUTO_INCREMENT,
  `time` datetime NOT NULL,
  `area_id` int(11) NOT NULL,
  `source` varchar(15) NOT NULL,
  `source_id` int(11) NOT NULL,
  PRIMARY KEY (`alert_id`)
) ENGINE=InnoDB AUTO_INCREMENT=964 DEFAULT CHARSET=latin1;
/*!40101 SET character_set_client = @saved_cs_client */;

--
-- Dumping data for table `alerts`
--

LOCK TABLES `alerts` WRITE;
/*!40000 ALTER TABLE `alerts` DISABLE KEYS */;
INSERT INTO `alerts` VALUES (856,'2012-11-18 15:47:12',60,'iosapp',1283),(857,'2012-11-18 16:38:11',61,'iosapp',1284),(858,'2012-11-18 16:38:11',62,'iosapp',1284),(859,'2012-11-18 16:38:11',63,'iosapp',1284),(860,'2012-11-18 16:38:11',64,'iosapp',1284),(861,'2012-11-18 16:38:11',65,'iosapp',1284),(862,'2012-11-18 16:38:11',66,'iosapp',1284),(863,'2012-11-18 16:38:11',67,'iosapp',1284),(864,'2012-11-18 16:38:11',68,'iosapp',1284),(865,'2012-11-18 16:41:03',60,'iosapp',1285),(866,'2012-11-18 16:41:50',69,'iosapp',1286),(867,'2012-11-18 16:41:50',70,'iosapp',1286),(868,'2012-11-18 16:41:50',71,'iosapp',1286),(869,'2012-11-18 16:42:45',72,'iosapp',1288),(870,'2012-11-18 16:43:04',73,'iosapp',1289),(871,'2012-11-18 16:43:04',74,'iosapp',1289),(872,'2012-11-18 16:43:11',75,'iosapp',1290),(873,'2012-11-18 17:42:42',76,'iosapp',1291),(874,'2012-11-18 17:42:42',77,'iosapp',1291),(875,'2012-11-18 17:42:42',78,'iosapp',1291),(876,'2012-11-18 17:42:42',79,'iosapp',1291),(877,'2012-11-18 17:42:42',80,'iosapp',1291),(878,'2012-11-18 17:43:36',81,'iosapp',1292),(879,'2012-11-18 17:43:36',82,'iosapp',1292),(880,'2012-11-18 17:48:31',83,'iosapp',1295),(881,'2012-11-18 20:55:11',84,'iosapp',1297),(882,'2012-11-18 20:55:11',85,'iosapp',1297),(883,'2012-11-18 20:55:11',86,'iosapp',1297),(884,'2012-11-18 20:55:14',87,'iosapp',1298),(885,'2012-11-18 20:55:14',88,'iosapp',1298),(886,'2012-11-18 20:55:14',89,'iosapp',1298),(887,'2012-11-18 20:55:14',90,'iosapp',1298),(888,'2012-11-18 20:55:14',91,'iosapp',1298),(889,'2012-11-18 20:55:20',92,'iosapp',1299),(890,'2012-11-18 20:55:20',93,'iosapp',1299),(891,'2012-11-18 20:55:20',94,'iosapp',1299),(892,'2012-11-18 20:55:43',87,'iosapp',1300),(893,'2012-11-18 20:55:43',88,'iosapp',1300),(894,'2012-11-18 20:55:43',89,'iosapp',1300),(895,'2012-11-18 20:55:43',90,'iosapp',1300),(896,'2012-11-18 20:55:43',91,'iosapp',1300),(897,'2012-11-18 20:56:12',95,'iosapp',1301),(898,'2012-11-18 20:56:12',96,'iosapp',1301),(899,'2012-11-18 20:56:12',97,'iosapp',1301),(900,'2012-11-18 20:56:27',69,'iosapp',1302),(901,'2012-11-18 20:56:27',70,'iosapp',1302),(902,'2012-11-18 20:56:27',71,'iosapp',1302),(903,'2012-11-18 20:56:33',98,'iosapp',1303),(904,'2012-11-18 20:56:33',99,'iosapp',1303),(905,'2012-11-18 20:56:33',100,'iosapp',1303),(906,'2012-11-18 20:56:33',101,'iosapp',1303),(907,'2012-11-18 20:56:59',102,'iosapp',1304),(908,'2012-11-18 20:56:59',103,'iosapp',1304),(909,'2012-11-18 20:56:59',104,'iosapp',1304),(910,'2012-11-18 20:56:59',105,'iosapp',1304),(911,'2012-11-18 20:56:59',106,'iosapp',1304),(912,'2012-11-18 20:56:59',107,'iosapp',1304),(913,'2012-11-18 20:56:59',108,'iosapp',1304),(914,'2012-11-18 20:57:22',84,'iosapp',1305),(915,'2012-11-18 20:57:22',85,'iosapp',1305),(916,'2012-11-18 20:57:22',86,'iosapp',1305),(917,'2012-11-18 21:00:15',69,'iosapp',1306),(918,'2012-11-18 21:00:15',70,'iosapp',1306),(919,'2012-11-18 21:00:15',71,'iosapp',1306),(920,'2012-11-18 21:00:19',109,'iosapp',1307),(921,'2012-11-18 21:00:19',110,'iosapp',1307),(922,'2012-11-18 21:00:19',111,'iosapp',1307),(923,'2012-11-18 21:00:19',112,'iosapp',1307),(924,'2012-11-18 21:00:19',113,'iosapp',1307),(925,'2012-11-18 21:00:19',114,'iosapp',1307),(926,'2012-11-18 21:00:19',115,'iosapp',1307),(927,'2012-11-18 21:00:45',109,'iosapp',1308),(928,'2012-11-18 21:00:45',110,'iosapp',1308),(929,'2012-11-18 21:00:45',111,'iosapp',1308),(930,'2012-11-18 21:00:45',112,'iosapp',1308),(931,'2012-11-18 21:00:45',113,'iosapp',1308),(932,'2012-11-18 21:00:45',114,'iosapp',1308),(933,'2012-11-18 21:00:45',115,'iosapp',1308),(934,'2012-11-18 21:02:04',87,'iosapp',1309),(935,'2012-11-18 21:02:04',88,'iosapp',1309),(936,'2012-11-18 21:02:04',89,'iosapp',1309),(937,'2012-11-18 21:02:04',90,'iosapp',1309),(938,'2012-11-18 21:02:04',91,'iosapp',1309),(939,'2012-11-18 21:25:33',61,'iosapp',1310),(940,'2012-11-18 21:25:33',62,'iosapp',1310),(941,'2012-11-18 21:25:33',63,'iosapp',1310),(942,'2012-11-18 21:25:33',64,'iosapp',1310),(943,'2012-11-18 21:25:33',65,'iosapp',1310),(944,'2012-11-18 21:25:33',66,'iosapp',1310),(945,'2012-11-18 21:25:33',67,'iosapp',1310),(946,'2012-11-18 21:25:33',68,'iosapp',1310),(947,'2012-11-18 21:25:44',116,'iosapp',1311),(948,'2012-11-18 21:25:44',117,'iosapp',1311),(949,'2012-11-18 21:25:44',118,'iosapp',1311),(950,'2012-11-18 21:25:55',116,'iosapp',1312),(951,'2012-11-18 21:25:55',117,'iosapp',1312),(952,'2012-11-18 21:25:55',118,'iosapp',1312),(953,'2012-11-18 21:31:16',61,'iosapp',1313),(954,'2012-11-18 21:31:16',62,'iosapp',1313),(955,'2012-11-18 21:31:16',63,'iosapp',1313),(956,'2012-11-18 21:31:16',64,'iosapp',1313),(957,'2012-11-18 21:31:16',65,'iosapp',1313),(958,'2012-11-18 21:31:16',66,'iosapp',1313),(959,'2012-11-18 21:31:16',67,'iosapp',1313),(960,'2012-11-18 21:31:16',68,'iosapp',1313),(961,'2012-11-18 21:31:33',116,'iosapp',1314),(962,'2012-11-18 21:31:33',117,'iosapp',1314),(963,'2012-11-18 21:31:33',118,'iosapp',1314);
/*!40000 ALTER TABLE `alerts` ENABLE KEYS */;
UNLOCK TABLES;

--
-- Table structure for table `area`
--

DROP TABLE IF EXISTS `area`;
/*!40101 SET @saved_cs_client     = @@character_set_client */;
/*!40101 SET character_set_client = utf8 */;
CREATE TABLE `area` (
  `area_id` int(11) NOT NULL AUTO_INCREMENT,
  `area_name` varchar(255) CHARACTER SET utf8 NOT NULL,
  `area_lat` float NOT NULL,
  `area_long` float NOT NULL,
  PRIMARY KEY (`area_id`)
) ENGINE=InnoDB AUTO_INCREMENT=119 DEFAULT CHARSET=latin1;
/*!40101 SET character_set_client = @saved_cs_client */;

--
-- Dumping data for table `area`
--

LOCK TABLES `area` WRITE;
/*!40000 ALTER TABLE `area` DISABLE KEYS */;
INSERT INTO `area` VALUES (60,'אשקלון',31.6659,34.5595),(61,'אבשלום',31.1954,34.3312),(62,'דקל',31.1959,34.3468),(63,'יבול',31.1895,34.319),(64,'יתד',31.207,34.3261),(65,'פרי גן',31.222,34.3559),(66,'שדה אברהם',31.2116,34.3357),(67,'תלמי יוסף',31.2,34.3638),(68,'חלוצית',0,0),(69,'ניצן',31.7375,34.6308),(70,'ניצנים',31.7178,34.6346),(71,'אשכולות',31.3912,34.9049),(72,'תל אביב',32.0662,34.7778),(73,'חולון',32.0158,34.7874),(74,'בת ים',32.0132,34.748),(75,'ראשון לציון',31.9615,34.807),(76,'אופקים',31.3113,34.6228),(77,'תפרח',31.3245,34.6792),(78,'גילת',31.3263,34.6489),(79,'פדוים',31.3263,34.6121),(80,'רנן',31.3387,34.6004),(81,'פטיש',31.3278,34.56),(82,'אורים',31.3041,34.5249),(83,'כרם שלום',31.2283,34.2846),(84,'אשדוד',31.8044,34.6553),(85,'ניר גלים',31.8255,34.6825),(86,'עד הלום',31.7745,34.6661),(87,'קרית מלאכי',31.7302,34.747),(88,'באר טוביה',31.7371,34.7256),(89,'תימורים',31.7163,34.7614),(90,'קדמה',32.3144,34.8814),(91,'אורות',31.7404,34.7356),(92,'שפיר',31.6976,34.7282),(93,'עין צורים',31.6949,34.7187),(94,'מרכז שפירא',31.6969,34.7073),(95,'בית רבן',31.8175,34.7289),(96,'גן יבנה',31.7831,34.7031),(97,'כנות',31.8025,34.7528),(98,'נחלה',31.66,34.7928),(99,'זרחיה',31.6817,34.7464),(100,'זבדיאל',31.6576,34.7593),(101,'סגולה',31.6695,34.7784),(102,'אמונים',31.7439,34.6745),(103,'בית עזרא',31.7364,34.6575),(104,'גבעתי',31.7331,34.6795),(105,'עזר',31.7362,34.6714),(106,'עזריקם',31.7517,34.6948),(107,'שדה עוזיהו',31.7584,34.6782),(108,'שתולים',31.7737,34.6844),(109,'גדרה',31.8175,34.7851),(110,'יד בנימין',31.7967,34.8204),(111,'חצב',31.7801,34.7706),(112,'בני ראם',31.77,34.7905),(113,'חפץ חיים',31.7893,34.7997),(114,'רבדים',31.774,34.8148),(115,'נחל שורק',31.7967,34.8127),(116,'סופה',31.2383,34.342),(117,'חולית',31.2306,34.3273),(118,'ניר יצחק',31.236,34.3567);
/*!40000 ALTER TABLE `area` ENABLE KEYS */;
UNLOCK TABLES;

--
-- Table structure for table `arutz2`
--

DROP TABLE IF EXISTS `arutz2`;
/*!40101 SET @saved_cs_client     = @@character_set_client */;
/*!40101 SET character_set_client = utf8 */;
CREATE TABLE `arutz2` (
  `arutz2_id` int(11) NOT NULL AUTO_INCREMENT,
  `time` datetime NOT NULL,
  `orig_time` varchar(15) CHARACTER SET utf8 NOT NULL,
  `location` varchar(100) CHARACTER SET utf8 NOT NULL,
  `lastcheck` int(11) NOT NULL,
  PRIMARY KEY (`arutz2_id`),
  UNIQUE KEY `time` (`time`,`location`)
) ENGINE=InnoDB AUTO_INCREMENT=37 DEFAULT CHARSET=latin1;
/*!40101 SET character_set_client = @saved_cs_client */;

--
-- Dumping data for table `arutz2`
--

LOCK TABLES `arutz2` WRITE;
/*!40000 ALTER TABLE `arutz2` DISABLE KEYS */;
INSERT INTO `arutz2` VALUES (9,'2012-11-18 14:37:00','היום 14:37','באשדוד ובמ.א. חבל יבנה',1353241500),(10,'2012-11-18 14:25:00','היום 14:25','במ.א. אשכול',1353241500),(11,'2012-11-18 14:17:00','היום 14:17','כפר עזה וסעד ',1353241500),(12,'2012-11-18 14:17:00','היום 14:17','נחל עוז ואלומים ',1353241500),(21,'2012-11-18 16:42:00','היום 16:42','שער הנגב',0),(22,'2012-11-18 16:44:00','היום 16:44','במ.א. שדות נגב ושער הנגב',0),(23,'2012-11-18 16:57:00','היום 16:57','במ.א. שדות נגב',0),(24,'2012-11-18 17:13:00','היום 17:13','במ.א. שדות נגב ושער הנגב',0),(25,'2012-11-18 18:41:00','היום 18:41','בחולון',1353241500),(26,'2012-11-18 18:41:00','היום 18:41','בראשון לציון',1353241500),(27,'2012-11-18 18:41:00','היום 18:41','באשקלון',1353241500),(28,'2012-11-18 18:41:00','היום 18:41','אשקלון',1353241500),(29,'2012-11-18 22:55:00','היום 22:55','באשדוד',1353272091),(30,'2012-11-18 22:55:00','היום 22:55','בקריית מלאכי ובמ.א. באר טוביה, יואב ושפיר',1353272091),(33,'2012-11-18 23:33:00','היום 23:33','במ.א חוף אשקלון',1353274336),(34,'2012-11-18 23:32:00','היום 23:32','חוף אשקלון',1353274336),(35,'2012-11-18 23:31:00','היום 23:31','במ.א. אשכול',1353274336),(36,'2012-11-18 23:25:00','היום 23:25','במ.א. אשכול',1353274336);
/*!40000 ALTER TABLE `arutz2` ENABLE KEYS */;
UNLOCK TABLES;

--
-- Table structure for table `iosapp`
--

DROP TABLE IF EXISTS `iosapp`;
/*!40101 SET @saved_cs_client     = @@character_set_client */;
/*!40101 SET character_set_client = utf8 */;
CREATE TABLE `iosapp` (
  `id` int(11) NOT NULL,
  `date` varchar(21) NOT NULL,
  `type` smallint(6) NOT NULL,
  `user` varchar(15) NOT NULL,
  `message` varchar(255) CHARACTER SET utf8 NOT NULL,
  PRIMARY KEY (`id`)
) ENGINE=InnoDB DEFAULT CHARSET=latin1;
/*!40101 SET character_set_client = @saved_cs_client */;

--
-- Dumping data for table `iosapp`
--

LOCK TABLES `iosapp` WRITE;
/*!40000 ALTER TABLE `iosapp` DISABLE KEYS */;
INSERT INTO `iosapp` VALUES (1283,'18/11/2012 - 17:47:12',0,'Auto Push','צבע אדום אשקלון'),(1284,'18/11/2012 - 18:38:11',0,'Auto Push','צבע אדום אבשלום, דקל, יבול, יתד, פרי גן, שדה אברהם, תלמי יוסף, חלוצית'),(1285,'18/11/2012 - 18:41:03',0,'Auto Push','צבע אדום אשקלון'),(1286,'18/11/2012 - 18:41:50',0,'Auto Push','צבע אדום ניצן, ניצנים, אשכולות'),(1287,'18/11/2012 - 18:42:26',1,'yosi101','אזעקה בכל גוש דן'),(1288,'18/11/2012 - 18:42:45',0,'Auto Push','צבע אדום תל אביב'),(1289,'18/11/2012 - 18:43:04',0,'Auto Push','צבע אדום חולון, בת ים'),(1290,'18/11/2012 - 18:43:11',0,'Auto Push','צבע אדום ראשון לציון'),(1291,'18/11/2012 - 19:42:42',0,'Auto Push','צבע אדום אופקים, תפרח, גילת, פדוים, רנן'),(1292,'18/11/2012 - 19:43:36',0,'Auto Push','צבע אדום פטיש, אורים'),(1295,'18/11/2012 - 19:48:31',0,'yosi101','צבע אדום כרם שלום'),(1296,'18/11/2012 - 21:15:29',2,'kobisn','מערכת התגובות נפתחה מחדש.'),(1297,'18/11/2012 - 22:55:11',0,'yosi101','צבע אדום אשדוד, ניר גלים, עד הלום'),(1298,'18/11/2012 - 22:55:14',0,'yosi101','צבע אדום קרית מלאכי, באר טוביה, תימורים, קדמה, אורות'),(1299,'18/11/2012 - 22:55:20',0,'Auto Push','צבע אדום שפיר, עין צורים, מרכז שפירא'),(1300,'18/11/2012 - 22:55:43',0,'Auto Push','צבע אדום קרית מלאכי, באר טוביה, תימורים, קדמה, אורות'),(1301,'18/11/2012 - 22:56:12',0,'Auto Push','צבע אדום בית רבן, גן יבנה, כנות'),(1302,'18/11/2012 - 22:56:27',0,'yosi101','צבע אדום ניצן, ניצנים, אשכולות'),(1303,'18/11/2012 - 22:56:33',0,'Auto Push','צבע אדום נחלה, זרחיה, זבדיאל, סגולה'),(1304,'18/11/2012 - 22:56:59',0,'Auto Push','צבע אדום אמונים, בית עזרא, גבעתי, עזר, עזריקם, שדה עוזיהו, שתולים'),(1305,'18/11/2012 - 22:57:22',0,'Auto Push','צבע אדום אשדוד, ניר גלים, עד הלום'),(1306,'18/11/2012 - 23:00:15',0,'Auto Push','צבע אדום ניצן, ניצנים, אשכולות'),(1307,'18/11/2012 - 23:00:19',0,'yosi101','צבע אדום גדרה, יד בנימין, חצב, בני ראם, חפץ חיים, רבדים, נחל שורק'),(1308,'18/11/2012 - 23:00:45',0,'yosi101','צבע אדום גדרה, יד בנימין, חצב, בני ראם, חפץ חיים, רבדים, נחל שורק'),(1309,'18/11/2012 - 23:02:04',0,'Auto Push','צבע אדום קרית מלאכי, באר טוביה, תימורים, קדמה, אורות'),(1310,'18/11/2012 - 23:25:33',0,'Auto Push','צבע אדום אבשלום, דקל, יבול, יתד, פרי גן, שדה אברהם, תלמי יוסף, חלוצית'),(1311,'18/11/2012 - 23:25:44',0,'yosi101','צבע אדום סופה, חולית, ניר יצחק'),(1312,'18/11/2012 - 23:25:55',0,'Auto Push','צבע אדום סופה, חולית, ניר יצחק'),(1313,'18/11/2012 - 23:31:16',0,'Auto Push','צבע אדום אבשלום, דקל, יבול, יתד, פרי גן, שדה אברהם, תלמי יוסף, חלוצית'),(1314,'18/11/2012 - 23:31:33',0,'Auto Push','צבע אדום סופה, חולית, ניר יצחק'),(1315,'18/11/2012 - 23:58:26',2,'kobisn','היום בחצות מערכת צבע אדום תסגר למשך שעה לצורכי תחזוקה,\nבמהלך השעה לא ישלחו התראות והאפליקציה לא תפתח.');
/*!40000 ALTER TABLE `iosapp` ENABLE KEYS */;
UNLOCK TABLES;

--
-- Table structure for table `sources`
--

DROP TABLE IF EXISTS `sources`;
/*!40101 SET @saved_cs_client     = @@character_set_client */;
/*!40101 SET character_set_client = utf8 */;
CREATE TABLE `sources` (
  `source_id` varchar(15) NOT NULL,
  `last_record` int(11) NOT NULL,
  PRIMARY KEY (`source_id`)
) ENGINE=InnoDB DEFAULT CHARSET=latin1;
/*!40101 SET character_set_client = @saved_cs_client */;

--
-- Dumping data for table `sources`
--

LOCK TABLES `sources` WRITE;
/*!40000 ALTER TABLE `sources` DISABLE KEYS */;
INSERT INTO `sources` VALUES ('iosapp',1315);
/*!40000 ALTER TABLE `sources` ENABLE KEYS */;
UNLOCK TABLES;
/*!40103 SET TIME_ZONE=@OLD_TIME_ZONE */;

/*!40101 SET SQL_MODE=@OLD_SQL_MODE */;
/*!40014 SET FOREIGN_KEY_CHECKS=@OLD_FOREIGN_KEY_CHECKS */;
/*!40014 SET UNIQUE_CHECKS=@OLD_UNIQUE_CHECKS */;
/*!40101 SET CHARACTER_SET_CLIENT=@OLD_CHARACTER_SET_CLIENT */;
/*!40101 SET CHARACTER_SET_RESULTS=@OLD_CHARACTER_SET_RESULTS */;
/*!40101 SET COLLATION_CONNECTION=@OLD_COLLATION_CONNECTION */;
/*!40111 SET SQL_NOTES=@OLD_SQL_NOTES */;

-- Dump completed on 2012-11-19  0:24:51
